INSERT INTO PRODUCT (product_id, name, brand, package_quantity, package_unit, category_id) VALUES
(46, 'lapte zuzu', 'Zuzu', 1, 'l', (SELECT category_id FROM CATEGORY WHERE name = 'lactate')),
(47, 'iaurt grecesc', 'Lidl', 0.4, 'kg', (SELECT category_id FROM CATEGORY WHERE name = 'lactate')),
(48, 'ouă mărimea M', 'Lidl', 10, 'buc', (SELECT category_id FROM CATEGORY WHERE name = 'ouă')),
(49, 'brânză telemea', 'Pilos', 0.3, 'kg', (SELECT category_id FROM CATEGORY WHERE name = 'lactate')),
(50, 'pâine albă', 'Lidl', 500, 'g', (SELECT category_id FROM CATEGORY WHERE name = 'panificație')),
(51, 'roșii cherry', 'Lidl', 250, 'g', (SELECT category_id FROM CATEGORY WHERE name = 'legume și fructe')),
(52, 'piept pui', 'Lidl', 1, 'kg', (SELECT category_id FROM CATEGORY WHERE name = 'carne')),
(53, 'spaghetti nr.5', 'Barilla', 500, 'g', (SELECT category_id FROM CATEGORY WHERE name = 'paste făinoase')),
(54, 'zahăr tos', 'Lidl', 1, 'kg', (SELECT category_id FROM CATEGORY WHERE name = 'alimente de bază')),
(55, 'apă plată', 'Aqua Carpatica', 2, 'l', (SELECT category_id FROM CATEGORY WHERE name = 'băuturi')),
(56, 'banane', 'Lidl', 1, 'kg', (SELECT category_id FROM CATEGORY WHERE name = 'legume și fructe')),
(57, 'ulei floarea-soarelui', 'Bunica', 1, 'l', (SELECT category_id FROM CATEGORY WHERE name = 'alimente de bază')),
(58, 'biscuiți cu unt', 'Deluxe', 0.2, 'kg', (SELECT category_id FROM CATEGORY WHERE name = 'gustări')),
(59, 'cafea măcinată', 'Davidoff', 0.25, 'kg', (SELECT category_id FROM CATEGORY WHERE name = 'cafea')),
(60, 'detergent lichid', 'Persil', 2.5, 'l', (SELECT category_id FROM CATEGORY WHERE name = 'produse de menaj')),
(61, 'șampon păr gras', 'Head & Shoulders', 400, 'ml', (SELECT category_id FROM CATEGORY WHERE name = 'îngrijire personală')),
(62, 'hârtie igienică 3 straturi', 'Zewa', 10, 'role', (SELECT category_id FROM CATEGORY WHERE name = 'produse de menaj')),
(63, 'piper negru măcinat', 'Kotanyi', 50, 'g', (SELECT category_id FROM CATEGORY WHERE name = 'condimente')),
(64, 'vin alb demisec', 'Jidvei', 0.75, 'l', (SELECT category_id FROM CATEGORY WHERE name = 'băuturi')),
(65, 'ciocolată neagră 70%', 'Fin Carre', 100, 'g', (SELECT category_id FROM CATEGORY WHERE name = 'gustări'));

INSERT INTO PRICE_HISTORY (price_history_id, date_price, price, currency, product_id, retailer_id) VALUES
(46, '2025-05-01', 12.90, 'RON', 46, 3),
(47, '2025-05-01', 11.50, 'RON', 47, 3),
(48, '2025-05-01', 12.20, 'RON', 48, 3),
(49, '2025-05-01', 12.80, 'RON', 49, 3),
(50, '2025-05-01', 3.50, 'RON', 50, 3),
(51, '2025-05-01', 8.80, 'RON', 51, 3),
(52, '2025-05-01', 26.50, 'RON', 52, 3),
(53, '2025-05-01', 5.80, 'RON', 53, 3),
(54, '2025-05-01', 4.40, 'RON', 54, 3),
(55, '2025-05-01', 5.20, 'RON', 55, 3),
(56, '2025-05-01', 6.10, 'RON', 56, 3),
(57, '2025-05-01', 9.20, 'RON', 57, 3),
(58, '2025-05-01', 7.10, 'RON', 58, 3),
(59, '2025-05-01', 22.40, 'RON', 59, 3),
(60, '2025-05-01', 49.90, 'RON', 60, 3),
(61, '2025-05-01', 17.80, 'RON', 61, 3),
(62, '2025-05-01', 18.90, 'RON', 62, 3),
(63, '2025-05-01', 6.00, 'RON', 63, 3),
(64, '2025-05-01', 23.50, 'RON', 64, 3),
(65, '2025-05-01', 3.90, 'RON', 65, 3);

INSERT INTO DISCOUNT_HISTORY (discount_history_id, start_date, end_date, percentage_of_discount, discount_created_date, price_history_id) VALUES
(33, '2025-05-01', '2025-05-07', 8,  '2025-05-01', (SELECT price_history_id FROM PRICE_HISTORY WHERE product_id = 46 AND retailer_id = 3 AND date_price = '2025-05-01')),
(34, '2025-05-01', '2025-05-07', 12, '2025-05-01', (SELECT price_history_id FROM PRICE_HISTORY WHERE product_id = 49 AND retailer_id = 3 AND date_price = '2025-05-01')),
(35, '2025-05-02', '2025-05-08', 10, '2025-05-01', (SELECT price_history_id FROM PRICE_HISTORY WHERE product_id = 52 AND retailer_id = 3 AND date_price = '2025-05-01')),
(36, '2025-05-03', '2025-05-09', 5,  '2025-05-01', (SELECT price_history_id FROM PRICE_HISTORY WHERE product_id = 55 AND retailer_id = 3 AND date_price = '2025-05-01')),
(37, '2025-05-04', '2025-05-10', 15, '2025-05-01', (SELECT price_history_id FROM PRICE_HISTORY WHERE product_id = 59 AND retailer_id = 3 AND date_price = '2025-05-01')),
(38, '2025-05-01', '2025-05-07', 20, '2025-05-01', (SELECT price_history_id FROM PRICE_HISTORY WHERE product_id = 60 AND retailer_id = 3 AND date_price = '2025-05-01')),
(39, '2025-05-02', '2025-05-08', 10, '2025-05-01', (SELECT price_history_id FROM PRICE_HISTORY WHERE product_id = 61 AND retailer_id = 3 AND date_price = '2025-05-01')),
(40, '2025-05-03', '2025-05-09', 10, '2025-05-01', (SELECT price_history_id FROM PRICE_HISTORY WHERE product_id = 65 AND retailer_id = 3 AND date_price = '2025-05-01')),
(41, '2025-05-04', '2025-05-10', 6,  '2025-05-01', (SELECT price_history_id FROM PRICE_HISTORY WHERE product_id = 48 AND retailer_id = 3 AND date_price = '2025-05-01')),
(42, '2025-05-01', '2025-05-07', 7,  '2025-05-01', (SELECT price_history_id FROM PRICE_HISTORY WHERE product_id = 56 AND retailer_id = 3 AND date_price = '2025-05-01'));
